X,y
@saylahachey Mine doesn't like it when the coyote comes around. Not at all,0
"@smc429 @ThatEricAlper I was a Highwoman And a mother from my youth For my children, I did what I had to do My family left Honduras when they killed the Sandinistas We followed a coyote through the dust of Mexico Every one of them except for me survived And I am still alive",0
@awfulsexworker we gonna have to get them those ugly coyote protective vests,0
@huttser_coyote @BryceDoggy @BlueHarborC Imma boop the snoot!,0
"@ArizonaCoyotes @j_chychrun7 Happy Halloween, Arizona Coyotes!",0
"Someone should start a page for all the crazy shit that comes across the @Nextdoor app‚Ä¶ I‚Äôll go 1st.. ‚Äúa pack of Coyotes, Human &amp; Dog all meet late at night‚Äù for $100 Alex : https://t.co/XF1DIsyhtg",0
@pattonoswalt This is still one of the funniest things I ever read   https://t.co/Ik8irHyA8X,0
I just seen a coyote in broad daylight over here in PH ü§£,1
"Me: screams, ‚Äúomg look at the sun setting it‚Äôs so pretty!‚Äù BF: no I can‚Äôt look, I‚Äôm driving and there are wild animals like rabbits and coyotes. Me: the sun is still out there are no coyotes!!!! 13 seconds later BF: look! A coyote!!!!! Wtf?!? Why was it out in the day?!?",1
@wildbell @baddestmamajama Coyote? More like CUTIE! üòç,0
Kinder Coyotes exploring and sharing strategies for solving problems! How do you go about solving a problem? #cvesrocks #canyonviewelementary #powayunified https://t.co/nHsaq2y7Po,0
"I moved into an area with lots of coyotes. Hadn‚Äôt seen one until last week, a massive one in the nearby park where I walk the dogs. Today, saw one on my driveway while I was working out in garage. Scary but so fascinating. I love living in a city that I get to share with wildlife",1
"@HillaryMonahan Well, child, who decided to roll in the coyote shit? You did the crime. Now you have to do the punishment.",0
@Southernvaper1 Eli is very big. His head is above my waist. And he turns heads wherever we go. Very friendly. But has killed a coyote with a single bite to the neck. Good companion.,1
"Happy Wednesday, here‚Äôs what must be 10,000 coyotes behind my house losing their shit over an ambulance siren https://t.co/t9enEmh2Za",1
"FINAL: Westlake 39, Calabasas 12; Warriors finish regular season at 5-5 overall and 1-2 in Marmonte League; Coyotes finish 3-7, 0-3 @_WHSAthletics_ https://t.co/gWQDVa4qxM",0
"I am personally super unimpressed when a girl calls herself a goddess.  That's what other people call you.  Calling yourself that is cartoonishly self absorbed.   Like Wile E Coyote having a business card that says ""genius"" on it. https://t.co/eS29gzAmbI",0
Happy Halloween Coyotes!!! Have fun and be safe! See you tomorrow! ü¶äüß°üéÉüëª https://t.co/eyXDvQi4Eg,0
the los feliz coyotes are OUT tonight,1
Wife's only coming back with two other dogs. June stayed in Texas. We got Midnight (Coyote dog) and Cooper (some kind of cow dog that can eat though anything). Max will have playmates for about 6 months maybe,0
Wonder what it would be like to problem-solve like a coyote? #WhatIf You Learn Like a Coyote?  https://t.co/GVgagGzxMQ,0
@Nameless_Coyote My best suggestion is in the options menu to turn the music off because you‚Äôll hear more clearly a line Luigi says that you might miss with the music on.,0
See this Instagram photo by @sc_coyotes https://t.co/8mQsVfUvJ2,0
"@healthyheating I know this is a dumb reference, but I've loved watching my many dogs over the years putting their snouts up in the air to sample the drift. Off the breeze, coyote nearby? Or the waft of some dog in a car that just drove by. They're sniffing the tiny particles drifting by.",0
#SanMarcosCoyoteRescue (1/2) This morning our Humane Officers and veterinary team rescued a coyote who had been hit by a car and was lodged inside the grill of the car. The coyote was rushed to San Diego Humane Society's Ramona Wildlife Center for care. https://t.co/2no87bbc53,1
D1 taking on Capistrano  Coyote.  Go Eagles üíõü¶Öüíô https://t.co/fLWXgcc2qJ,0
"@LAmeekly B√°nh m√¨, mountains, enclaves within enclaves, parks, pubs, buses, coyotes, swap meets, theaters, plastic food displays, pumas, architecture, ""ethnic"" malls, museums, folk art, pupusas, bears, revival cinemas, islands...basically everything except the sunshine, slebs, and cars.",0
@Coyote_Prettyy That man gets by on luck alone,0
"@teejeejeej I couldn't get past the first few episodes. It felt like a Billions clone. But now that Billions is essentially Roadrunner vs Wile E Coyote, I need to go back and try Succession again.",0
.@JanelParrish and @RyanPaevey get their flirtation on in @hallmarkchannel‚Äôs #CoyoteCreekChristmas.  https://t.co/P3Dg9ojiIr,0
@Dryadula No wolves in these parts. Coyotes and foxes and bears and mountain lions sometimes. But no wolves.,0
"@xianleonard Dome, helicopters, and coyotes.",0
#SongDogSunday  Happy Halloween üéÉ  Awareness and understanding can save a coyote's life. Respecting their natural instincts and wildness helps establish safe and healthy boundaries. This means never providing those harmful handouts for a photo op or entertainment. Thank you! https://t.co/rHXuWCGWrI,0
@myBurbankNEWS Saturday I saw a coyote comfortably snacking on a squirrel around Pass and Verdugo on a front lawn.,1
"Happy book birthday to ""Coyote Songs"" by the brilliant, hardest working writer around today, Gabino Iglesias! #bookbirthday #novels #horror #CrimeFiction #borderfiction https://t.co/CZnLmVb1rH",0
"Come out and support your Coyotes Football Team as they battle Verbum Dei on Friday Night, November 5th at Coyotes Stadium at 7:00pm.  Ticket information will be released soon!  Hope to see you here!  Let's Go!!!!! https://t.co/HmMniLm4b6",0
üé∂ Hello Coyotes what a wonderful day!   I‚Äôm here in your class with something to say.  Red envelope week was huge success!  You helped our programs be their very best.  So keep up the great work in every way.   This is Hippo saying peace and have a good day! üé∂ https://t.co/SZFObHLVEE,0
@danielleradford This makes Ripley sound like a more successful Wile E Coyote,0
"Visiting dog (the coyote one) started barking at 4 A.M. so I got up and let him out long with the other dogs. They didn't go out &amp; start barking, thank goodness. But when I'm up, I'm up",0
@kilokamilo @_jpow @SiriusToken @DavidDo74603299 Varmint control. Use it for coyote and boar.,0
"G goes to daycare twice a week to get her energy out. I found out today that my part-time coyote, full-time cutie loves the daycare camera ü§™ https://t.co/LgYpQbAVxv",0
"@ai6yrham Coyotes will breed to fill the void, so pointless.",0
@iFooYa Sounds like coyotes‚Ä¶or that‚Äôs what I would want to believe.,1
Paying those who break the law for ‚Äútrauma‚Äù whilst committing the crime. I-N-S-A-N-E.  Bear in mind that familes ‚Äúsell‚Äù their kids to ‚ÄúCoyotes‚Äù(human traffickers) regularly.  White House in talks to pay millions to families separated at border https://t.co/FEgUVK4AOR,0
@mighty_mia Omg she looks part Coyote üòé Beautiful‚Ä¶‚Ä¶ she will go when she has to or try taking her to your front yard on a leash?  Good Luck! üê∂‚ù§Ô∏è,0
@Joe_Schmucc This is about to be you going back and forth with that coyote lol https://t.co/f4wepou7KR,0
Filming outside and the coyotes are howling and what not.,1
"Just spoiling the conclusion here for you, the Arizona Coyotes will get punished by the NHL more harshly for illegally working out draft prospects than the Chicago Blackhawks will for allowing ongoing sexual harassment to happen.",0
"It was an #intimate garden, a place for quaking aspen and mountain quail, their plumes electric with angst, anticipation. What lie in wait there: coyotes, children on a field trip, a wayward fox on the prowl? #vss365 #prompt #nature",1
After great call with @FamKWU I‚Äôm blessed to receive a scholarship! Go Coyotesüíúüíõ. @ocvarsityguy @DavidDelgado_OC @MAlvarez02 @bigpedro711 @SteveFryer @ocvarsity @dancich @mikehuntley63 @RWrightRivals @DrKenMiller1 https://t.co/gz1jXi7CZN,0
"Hey @OrangeVistaFB , we have some future Coyote football players in the making. #FalconsUnitedInExcellence https://t.co/S2VKMfkNt7",0
@CityGardenGrove Wow. Traffic is out of control. Trash is everywhere. Plastic polluting our cities and oceans but yet coyotes who have been living here for millennia are a problem? Priorities...,1
"Survivor Friday! We Hiked The Eagle Rock Trail in Warner Springs 7+ miles. We saw a coyote, mountain lion cub, and an array of birds. Read our 3 minute review: https://t.co/4l86VX9hTC https://t.co/KTDRbwpcbc",0
I wish Ventura county had a Coyote Ugly style bar. I‚Äôd sign my ass up real quick,0
It's almost time for #CoyoteCreekChristmas. See the photos - https://t.co/w5gP6O6muU https://t.co/cSmG5AjvFY,0
@TheOGpianoGeek That her COYOTE dues are late...,0
"@Chicane_Coyote Hell yeah dude, that‚Äôs lookin wild~   Enjoy your breakfast!",0
@pixievibez Facts!!! Are they gonna slide on the coyotes or something ? I mean I know it‚Äôs a cartoon but FUCKKKKKK üòÇü§£,0
"@ChaseFreo the better to eat coyotes with, my dear.",0
"Real learning happens when students are able to apply their knowledge, think critically and engage in conversation. Increased student ‚Äútalk‚Äù makes a huge difference! Go Coyotes! #CVESRocks #CanyonViewElementary #PowayUnified https://t.co/jznvwQoYUq",0
&lt;glyph of barfing coyote&gt; https://t.co/jTy4dC545g,0
"My guy!  Great team leaders for @CalabasasFtball.  They played well and fought hard Friday night.  Team Captains, all juniors: @kingmill_er, @SeanStepenosky, @ethanclemonsEC, @CarterQB_4.  Go Coyotes!  @EliavAppelbaum @CaryHarris07 @latsondheimer https://t.co/zLJMC7OZoH",0
"@EBRPD must sever ties with USDA Wildlife Services. These hired guns have already killed too many of our parks‚Äô cottontails, ravens, skunks, gulls, foxes, raccoons, opossums, coyotes &amp; community cats! #EBRPD #animals #AnimalAbuse #wildlife https://t.co/wRFG9MZWd2",1
@ravenscimaven The only Souther California pizza I‚Äôve really really liked was Little Coyote in Long Beach. Lots of meh pizza here but the Mexican food is üî•,0
"Had to stop someone in my support group referring to coyotes as ""puppers.""  Intersectional mental health means sometimes getting furries who want to anthropomorphize animals as a coping mechanism for their own dysregulated emotion and behavior.",0
we‚Äôre just wile e coyote off the cliff and we haven‚Äôt looked down yet to accept what we‚Äôve done https://t.co/0OPKFLNMjq,0
The Fall Fun Run Continues this Wed at the Coyote Bar and Grill in Downtown Carlsbad.  Come see So Cal's all star jam band live!  https://t.co/ajwumPjTcp,0
"Looks like TNT has a west-coast NHL game every Wednesday after wrasslin (AEW). That's a pretty cool lead in - miles better than anything that was going on before NBCSN had games on. Unfortunately, in two weeks they're featuring a Coyotes game üò¨",0
"@CIAspygirl I highly recommend purchasing coyote urine. We have problems with them wanting to swim in our pool, but they spread really bad parasites, so we trapped a few but didn't feel great about it. Trying not to think about how the urine is collected to be sold...but it works!",0
They start 7-0 they‚Äôve played the bruins penguins islanders lightning avalanche flyers and the coyotes. 6 of those teams are playoff contenders and the only team that put up a fight against the panthers was the penguins,0
@ring Its a shame ring is in the business of coyotes but any criminal action or men threatening to fight everyone including women at dog park gets taken down but you keep posting about coyotes. I post about mail thieves and threats but i get taken down,0
@HonkIfUrHoary It's difficult to tell. I'm tempted to say not a coyote.,0
@dee_coyote I am causing problems on purpose.,0
@OnlineAlison Several comments later‚Ä¶ ‚ÄúI feed the coyotes!‚Äù,1
"What's your favorite predator? Bolsa Chica is home to some major predators like coyotes, raptors or birds of prey (hawks, owls, falcons, etc.), rattlesnakes, and even sharks!  photos: Mike Hodgson, Roy Holden, Steve Smith, Babs Levitan, Beverley Hansen, Ramon Medina https://t.co/cGBobNy5co",0
@jenannrodrigues Coyotes here jump over fences. Can‚Äôt let your cat out or leave your dog in the backyard here,1
@SketchCoyote intended for skyotes to be majestic... Like hawk wings and coyote ... Then I come along and make them derpy as hell and make them official pigeon hybrids https://t.co/pc5ms5DQDg,0
Golden Light! #Coyotes  #LosAngeles #wildlife #SanDiego #park #SanFransisco   https://t.co/00rjKMNLC8! https://t.co/K51HD4KtLo,0
"Heads up folks, probably won't be that active during the Ducks game seeing as I will be at the Flyers Coyotes game tonight!",0
"If Wile E. Coyote could afford to buy all those roller coasters and TNT from Acme, why didn't he just go to KFC and buy a chicken?",0
@Dheepa97 Ok maybe we‚Äôll spot some coyotes,0
"@TOAcornNews Yup. Conejo (rabbit) Valley.  Can't tell you how many ppl come to my store asking about how to kill squirrels, rabbits, gophers, voles, and certainly coyote....but they want to live ""in the country""!  Assholes.",1
@LEARLOCKS Sweated the shit out of that. I‚Äôm playing coyotes opponents -1.5 all year bound to make money they are awful,0
@coyote_teeth Are you going to be lost in a virtual world now?,0
@huttser_coyote @JeschkeSqrl That SWALLOW üí¶üí¶,0
"@LesserIsMorer @beard_sports @walsha So, it's not like that changes the ""parity"" that's currently in the league.  No cap would allow players to make way more money, and smaller market teams would get way more revenue.  We could finally stop talking about where the GD Coyotes are gonna play every summer.",0
Just Asking:  NHL-Where's the leadership from Commissioner Gary Bettman-Union Chief Donald Fehr  Anyone offended: ..Denied link Concussions-CTE-Players Suicides ..Delayed probe Evander Kane addiction ..NHL not investigate Blackhawks sex assault case ..No intervention Coyotes mess,0
@Chicane_Coyote No to both...,0
@sdhumane Update on the coyote?,0
Thank you Officer Wilson for helping us kick of Red Ribbon Week with a drug free pledge. @LaPalmaPA https://t.co/rqgMIxc1Jw,0
i'm gonna pull for Thoma as soon as i get home  if i get Hu Tao i will lay in the orange grove out back and wait for the coyotes to come eat me,0
"@mikepompeo Wow, $450,000? I walked up #VanNuys Blvd. the other day &amp; saw just the opposite.  #ILLEGALimmigrants #enslaved while being #berated by those awful #coyotes.",0
I‚Äôm super confused which is the coyote? @SheaSerrano @SpursCoyote https://t.co/BuAtM7PNkb,0
@VDLHSRavens! Want to learn how to be a @csusb coyote? Join us for our @calstate application workshop tonight! https://t.co/YmNDxXmNqH,0
Never seen a coyote wandering around this late in the morning,1
@NancyAzc_ Bro fr when the coyote runs into that wall painted like a highway üò≠,0
Pee mail‚Ä¶! #wildlife #coyote #nature https://t.co/jjCz7xejFZ,0
You might as well eat at cafe Coyote and call it the best Mexican food experience ever üòÇüòÇüòÇ,0
Look out! Those Crafty Coyote Pups are at it again and this time they have made it all the way to Build-A-Bear Workshop! Create your very own Coyote Pup exclusively at the Build-A-Bear Workshop in the California Marketplace. https://t.co/rmukmxMANY,0
@brody_coyote @BobbyBoyRecords @defjam Thank you Brody,0
@savg_coyote @boltupnick Ratio,0
@Doc_Coyote Pre trick r treating  Ingenious,0
@devilsfan208 @StevenEllisTHN @TheHockeyNews @NHL Don‚Äôt forget the picks coyotes lost for also a much lesser violation. Hawks should‚Äôve got a much bigger fine and loss of several picks,0
"OCTOBER DAYE X TRAIL OF LIGHTNING  As apocalypse engulfs two worlds, Latinx atheist Serena discovers she's a coyote shapeshifter when the fae kidnap her BFF. But to free them both, Serena must risk destroying Faerie and Earth.  #DVPit #A #P #F #UF   OWN DIS Atheism",0
@Doc_Coyote It's messed up,0
California Valley Coyote. Adolescent with parents nearby. #wildlife #coyote #photography https://t.co/2rYcAp11yI,0
"GIRLS TENNIS PLAYOFFS: Simi Valley will visit Valencia, Camarillo will host Redondo Union and Calabasas will play at Santa Barbara in Division 1 first-round matches on Wednesday @svhspioneers @achs_scorpions @CamHighAthletic @CalabasasSports @CHS_Coyotes",0
@Southernvaper1 This is what I mean by playing with Eli. He never actually bit me. No pain. Just blood and stains on my shirts. But Eli has killed a coyote with a single bite to the neck. He is a badass dog. I love playing with him. It always ends with Eli on his back &amp; me rubbing his belly. https://t.co/ID8YPw2qGF,1
@asaprajy @TheRewatchables @BillSimmons @ChrisRyan77 I dunno. Michael Mann is the one director who consistently makes his movies worse when talking about them. At a screening in Oct he revealed the coyote scene in Collateral was produced and not an accident. COME ON dude! Everyone thought that was such a cool story. Now its gone.,0
Coyotes roaming around rn üòÇ,1
"@LettuceLove2 No it‚Äôs too hot here for wolves so we only have coyotes. They‚Äôre always looking for someone‚Äôs dog or cat, even though there‚Äôs a million rabbits around here!",1
White-tailed coyote‚Ä¶ jk! Fine looking animal caught just before sunrise. #coyote #wildlife #photography https://t.co/1sKe0yzmxq,1
"It‚Äôs two sets of motion sliding doors, thankfully they‚Äôre locked and you need a fob to get in, or I‚Äôd be fucked lol wish a damn coyote would come in here chile.",0
SEE WHATS GROWING IN THE GARDEN! üå±  Mark your calendars for our Coyote Garden Grand Reopening on November 2nd! üóì First 30 students to arrive will receive a potted succulent ü™¥ they can customize and decorate! We‚Äôll be having snacks and additional activities  Link in our bio! üîó https://t.co/jA29oVXXdr,0
Video shows cat chase coyote away from home  Read it here: https://t.co/k7V2PnXdNQ https://t.co/BUMtFq78qM,0
"California edition: - coyote spotted, watch your pets -bear spotted, watch your kids -I smell smoke, is it a wildfire? - what is this wet stuff falling from the sky? https://t.co/OpNk9l6fuO",1
@lc_coyotes I had so much fun!  Our @lc_coyotes Kindergarten scholars are amazing listeners!!,0
@Chicane_Coyote Same actually when I saw him walk by me. LOL,0
"We are pleased to introduce the @KuceraCoyotes' brand new esports lab, a first of its kind in the RUSD!  Kucera MS launched its state-of-the-art lab with a grand opening ceremony today. The Coyote students were eager to walk through the doors and start gaming! üéÆüñ•Ô∏è https://t.co/419kACDumz",0
"The only positive thing about my #Nextdoor neighborhood has been updates on this black dog and coyote who have been living together in a public park. Mixed feelings about the dog being 'rescued.' I know it is for best but.... friendship, man.... friendship. https://t.co/U5kOSyxzv9",1
"A Phoenix couple caught their cat chasing away a coyote from their home early in the morning and it was all captured on their security camera. ""Lucky, spunky cat.""  https://t.co/9CgTd7O8rG",1
From Great Pyrenees Customer  Bren and Jeff C  Maggie is a big girl. Scared her first coyote away at 4 months. We praised her very much. We were right there with her with our chihuahuas https://t.co/PKK7ijKyog,1
"Listen I love Coyote Ugly, movie slaps. The fact she takes that man back after he insults her, her job, her existence? Nah. Absolutely not.",0
"Not a metaphor, a literal coyote brushed against my leg last night",1
"Roadrunner contemplating various stages of road engagement (beep beep!) üòÄNo coyotes in sight, sadly. üêæüêæ https://t.co/zehceW9WX6",0
"@Davidlaz And yes, sometimes prey is prey. My feline best friend was snatched by a coyote. I choose to remember her ""cross animal"" connections.",1
@JBB_SD @spacey_coyote @10News @MayorToddGloria Well they could choose to get vaccinated and protect themselves and their fellow citizens.,0
"@HeartlandDreamr So true Rachel. There is a lot of human and wildlife conflict, worldwide. In Vancouver there has been a lot of coyote conflict, with the coyotes stalking, chasing and attacking people, even young toddlers.",0
tapped in wit Wes for when I touch down cause niggas said it won‚Äôt none of the long distance ranges round the way like how Angeles one is out Sylmar niggas hunting coyotes and using his land instead a lil pass Augusta still able to spin back into Atlanta no problem.,0
"@DunkaPeacecraft The Dems have been in power for a year, they've done nothing with it and thus have nothing to campaign on so they're forced to pull stunts like this that are sure to blow up in their face Wile E Coyote style.",0
These fucking coyotes broooüò§,1
"@JmeDubya Old Man Coyote is actually Crow, he's their creator.   To us MƒÖ ºii (Coyote) is also referred to as √Å≈Çts√© hashk√© is very important and a sacred being who takes Coyote shape when in animal form.  That truly IS Coyote Country!",0
Weekly Howl Volume 1.11 - üì¢ Check out what's happening at San Altos and see who this week's Coyote Fist Bump winner is! https://t.co/kLD7evnPCl https://t.co/5Rwmb4JSS1,0
"#ThousandOaks, Enjoy Living in a Community Surrounded by Open Space Shared w/#Wildlife?  Plz join me in signing a petition urging the North Point HOA to stop trapping &amp; killing #coyotes:   https://t.co/qXRKGVdxQd  #ConejoValley #nature #outdoors #animals #hiking https://t.co/x4ZuM4hyPC",0
@Doctor_Red_Fox There would be truly nothing worse then a coyote losing their blubbery frame!,0
The new joint... https://t.co/99TAiJw6aQ,0
Before the coyote sighting.  #üò≥ https://t.co/5m2HgvidbT,1
@Doc_Coyote I SAW AND HAVE FRANK AND SONS AMBITIONS,0
@DissidentSoaps @ProdigalParable This just raised the price of coyotes.,0
"@yycnature @ProjectCoyote @ABWilderness @ConserveAlberta @Zenfolio Great content. A photo has the luxury of creating illusion which often in the case of coyotes, is maligning.",0
Second grade students enjoy fresh salad from their hydroponic garden!@ocdestem #STEAMpathways https://t.co/iokeNB7q9x,0
"#ThousandOaks HOA Trapped &amp; Killed #Coyotes, &amp; Lied to Residents About It  @CaliforniaDFW's ""Keep Me Wild"" website (https://t.co/XDwpDDyDiH) has more effective, &amp; humane, suggestions for keeping coyotes from coming into residential neighborhoods  https://t.co/MLCLzVlSVB #wildlife",1
"Hey Coyotes! The CHS girls water polo team will be having a fundraiser at The Stand this Saturday, 11/6 from 11 am- 9 pm, and another Fundraiser at Uba Tuba next week, 11/10 from 3 pm- 6 pm. Show your support and grab a bite to eat. Make sure to mention #CHSGWP. #lvusd https://t.co/4DfVMbyBUV",0
My parents are determined to let a coyote eat our 18 year old cat.,0
"My sweet little nugget got attacked by a pack of coyotes tonight and although he‚Äôs has minimal puncture wounds he wasn‚Äôt able to use his back legs. Even a share would help, we just want our little man to be home and okay.  https://t.co/04gXMh34aC https://t.co/cDaCpVrzDb",1
Coyote in the morning. #wildlife #coyote #photography #Malibu https://t.co/Sqg4yh3LDD,1
"@LongHairNasaGuy @cirquelar @aussiastronomer Ok good to know. I‚Äôm not worried about coyotes- she‚Äôll chase them too but they‚Äôre more likely to just bounce than attack a dog. Being smallish, bobcats may be similar? I suppose I‚Äôll find out haha",1
Oh no! I played this and my dogs went bonkers! We have a pack of coyotes in the canyon behind me. Pretty sure that‚Äôs what was howling. ü§£ https://t.co/KgegI8ZqAu,1
"@nhlleave @twolinepass When the Coyotes come to town it'll just say ""Big fat load of cum, then""",0
"@TotallyAllen Imagining a coyote loping along the sidewalk past the Beastie Boys' apartment next to that smooth, smooth asphalt.",0
"@dr_earthquake This may be even more specific than that. Only in Southern California? LA County? The San Gabriel Valley? The specific combination of busy street traffic, wild peacocks and coyotes?",1
@TDProductions2 The coyotes will need it revamp their pricing structure.,0
@lmauricecpr My pup Wile E. Coyote https://t.co/GBBzwXKu5z,0
@AndyRichter Or a coyote yelping 3 miles from the house,1
"@HistoryInbooks @MentalHealthBo5 I‚Äôm so grateful for the Chemeheuvi @GoLakeHavasu Water = life = wealth. Ocean Woman created the earth. Wolf, Coyote &amp; Mountain Lion led the way. We‚Äôre all connected. #History #mentalhealth #writerslift https://t.co/MG4uUyHArS https://t.co/MRg4CRonAR",0
"@ai6yrham We live in an area with coyotes and foxes, you just keep your pets indoors and enjoy the wildlife sightings!!",0
@aussiastronomer Accurate. Though one time there was that neat video of a coyote eating a squirrel.,0
Oh my god. There was just a traffic jam on California Blvd in front of our house because a peacock was chasing a coyote down the middle of the street. I swear I‚Äôm not making this up!,1
@ai6yrham It says they adopted the coyote and it learned to play with the cat. But would like to hear an update few years later.,0
@Grinning_Coyote @Jamesrus42 I‚Äôm a native Californian too and I knew Sutter‚Äôs Mill but guessed 1840‚Ä¶ üòÇ been a LONG time since 4th grade!! I also remember building the missions!!,0
@zark_101 @FeistyPK2 I hope not otherwise I‚Äôm throwing  that doll to the coyotesüòÇüòÇ he‚Äôs actually making Chuckie the doll look goodüòÇ,0
How many coyotes do you see? https://t.co/prnp68zRev,0
@IAmAdamRonin Definitely no coyote uglies for dis boi.,0
Westminster Sr91 W / Coyote Creek **Trfc Collision-Unkn Inj** https://t.co/wYgQrAqg7T,0
"@nevslin We have a few that walk a path on the other side of my street every night.  Once evening a few weeks ago, I heard barking for a long time - went out and it was one of those coyotes sitting on a rock just yapping for no apparent reason.  They actually are quite pretty.",1
Agencies upset over coyote trapping and killing https://t.co/jhCRueAol9,0
@luna__coyote My lil baby‚Äôs a shitter üòÇüòÇ,0
San Diego Humane Society caring for coyote rescued from car bumper in San¬†Marcos https://t.co/l1rE381UNZ,1
"This week, Ivey Ranch Coyotes visited the spooktaculur Boo Zoo library and spotted some monster book tear art made by our TK class! We even got to see Harry Potter‚Äôs Monster Book of Monsters! üìöüìñüêà‚Äç‚¨õüéÉ‚ú®üëª @OsideUSD @TrishQuinene #CoyotesConnect #ReadingIsMagical #DestinationOside https://t.co/VCAbkuEemn",0
@aussiastronomer Bears!  Coyote! Bobcat! Mountain Lion! Lost pet!,1
coyote ugly,0
"@DavePrattSports No, but I did hear from several Coyotes fans that we would be very happy with his play. They knew what they'd lost.",0
The Fall Fun Run Continues this Wed at the Coyote Bar and Grill in Downtown Carlsbad.  Come see So Cal's all star jam band live!  https://t.co/ajwumPjTcp,0
Breakfast of champions #wildlife #coyote #NaturePhotography https://t.co/Hkux6gHUIY,0
there‚Äôs a baby coyote sleeping outside the office ü•∫ü•∫   Y‚Äôall think I can make it my pet?,1
"Also airing Saturday, October 30, is #CoyoteCreekChristmas starring @JanelParrish and @RyanPaevey on @hallmarkchannel https://t.co/VcZbXVRNjF",0
"@Archergal I‚Äôve tried that, but I‚Äôm not the howler I used tho be. I used to be able to get every coyote in the area going.",0
Coyote Rescued After Getting Lodged in Front Grill of Car https://t.co/HG4ZO5SPQj,1
This sign messaging is excellent.  New coyote warning signs being erected in Richmond https://t.co/18PAen4nFU via @TheRichmondNews,0
@Hockey_Royalty The Coyotes are taking tanking to a new level with Jay Beagle as their #1 Center and icing one of the worst teams in recent NHL history. Hard for any of their couple of good players to fly like an eagle like this.,0
@LO_FLAPanthers @Mandoman12 @CarlPavlockFFH And because Gudas was only defending himself- it is why the Coyote player got the instigator call.,0
"Cal State LA took the first match on Friday, but again fell to the conference leading Coyotes in San Bernardino. https://t.co/km9AiUj1Br",0
Predictions for tomorrow: Kings &gt; Sabres  Hurricanes &gt; Coyotes  Canadiens &gt; Ducks Devils &gt; Blue Jackets Kraken &gt; Rangers   Season Record: 63-63,0
"I talked with @RyanPaevey about his new movie #CoyoteCreekChristmas, which premieres tonight at 8pm ET on @hallmarkchannel #CountdownToChristmas. We talked about playing a dad and which movie he'd like to do a sequel for if he had the chance. @culturess https://t.co/kAnznin2H2",0
Please visit our website https://t.co/a5OWf3PsSb for an update from Superintendent Martinez.,0
@NedRyerson1957 The Coyotes.,0
I hope so because my plot twist involves people getting eaten by coyotes and wolves.  I would love to see that shit. https://t.co/amRXlWf8lH,0
i have to leave LA because no one told me coyotes start yelling at 6:30,1
@barilleon The Desert stage where you team up with roadrunner against coyote and his series of escalatingly dangerous/ineffective traps would be *chefs kiss*,0
@David954FLA Hopefully 6-0 after the coyotes tomorrow,0
"@HeartlandDreamr Well, wouldn‚Äôt say I‚Äôm brave. For example, when the salmon were spawning I never went near the spawning creeks in early morning or evening. Nor do I walk in places when it‚Äôs quiet. And for some reason the coyotes around here can be aggressive towards humans. Others can run away.",1
A coyote ran across out path while we were out exploring our neighborhood and I'd like to think that's a positive omen of some kind,1
"@JBB_SD @spacey_coyote @10News @MayorToddGloria Blackmailed ? What sort of info do they have on us ? Or , us on them?",0
"It‚Äôs either coyotes or someone throwing a Halloween party, I can‚Äôt tell lol",0
@brody_coyote @BobbyBoyRecords Let‚Äôs goooo bro!!!,0
"this is coyote ugly (2000, dir. david mcnally) erasure https://t.co/B6CR3KH6ra",0
Had a short but nice reset at Big Bear for a few days. I also had to call my husband to pick us up down the street because a big coyote was running down the street as I was walking my reactive pup. Did I run into someone‚Äôs yard to wait? Sure did. It‚Äôs all rentals &amp; it was dusk,1
"my poem ‚ÄúBaja‚Äù whale bones in the desert, coyotes in the sea - If I‚Äôm not back within six weeks please don‚Äôt rescue me https://t.co/CZD93niYhy",0
@Grimmy_Coyote they collectively need their ear tufts trimmed as well.,0
@rich_roberts @HaSeongsRim Have we ruled out the possibility that a coyote stole it?,1
"@HeartlandDreamr I should add I‚Äôm always alert and looking around, my bear bell is jingling, and I clap my poles every so often or if I feel vulnerable. So I don‚Äôt take the warnings lightly. Now if there were coyotes I‚Äôd be more frightened as they stalk and chase.",0
"@FlannelJedi @Doc_Coyote The fact there's reviews around makes me think a shipment came through, but additional shipments are probably locked in supply chain hell",0
people living in fox hills complaining about coyotes‚Ä¶y‚Äôall thought it was named fox hills just for fun?,1
"@IamKingFluffy @LAKings I'm gonna make a bold prediction. Team # 32, Arizona Coyotes, will finish the season with a better record than the Kings.  You heard it here first!",0
Lunch at the iconic El Coyote in LA. It's where Sharon Tate and friends famously ate on a hot August night in 1969. This is their corner table. #elcoyote #losangeles #weekendinLA #California https://t.co/ymQzox34UG https://t.co/mCKXmKLjTd,0
Coyote revolution has begun btw,0
@luna__coyote You got this good luck!!,0
@rosiegirl1957 We live in ‚Äúcoyote central‚Äù and that‚Äôs a sound I have never gotten used to.,0
I would fist fight a pack of coyotes for a pizza right now,0
The coyotes in my neighborhood refuse to abide by our traffic laws. They should be fined and sent to mandatory traffic school.,1
Coyotes @ Flyers 11/2/21 | NHL Highlights - NHL https://t.co/guP6XqeCQE,0
The Arizona Coyotes have a guy on the team named Mayo,0
Coyote attack on chicken caught on cctv https://t.co/L8NgVFIU7Q via @YouTube,0
"@mcheno blackhawks caught and find by nhl for covering up sexual abuses for the good team chemistry, coyotes find for illegal practices, and devils find for apparently breaking rules regarding caps on signings..",0
"yall who has the coyote footage? I found one video, is there anymore? cc @LIONPRlDE",0
"@Rainmaker1973 One morning last year, when I got up before dawn to see comet NEOWISE from Pasadena,CA, I was amazed to see coyotes in front of and behind a raccoon as all three made their way down the sidewalk, single file, to perform some mischief.",1
look at this big ass coyote Rosie &amp; I saw this morning üò≥ https://t.co/2g5qtqvHnb,1
"Despite windy conditions, Hornet golfer Chelsey Gutirrez places first overall individually and the Hornets placed sixth overall in a home tournament at Coyote Hills Golf Course Monday  ‚úèÔ∏è Jared Chavez üì∏ Blare Parke https://t.co/pH0ne8o3Xx",0
@ActiveNorCal @Travel4Wildlife There is a night video of a coyote and badger traveling together. Interesting.,1
"Hey Coyotes! IT'S HOMECOMING WEEK, which means its also #calabasashsspiritweek here in Coyote Nation! There is a twin day, a costume party and much more. Happy Homecoming week and Happy Halloween Coyotes! #coyotepride #calabasashomecoming #calabasashoco #lvusd https://t.co/UtMWltCAeP",0
bruh i was this close ü§èüèª to hitting a coyote on my drive home just now,1
What's #Best today on https://t.co/wNwLoFi3qW ? Islanders @ Coyotes 10/23/21 : Nhl Highlights https://t.co/WIPwJX5dEI #sports #arizonacoyotes #arizonacoyotesvsnewyorkislanders #newyorkislanders https://t.co/Yx172EZqs1,0
"Unfortunately roadkill has increased this year, especially deer and coyotes. Please drive safely through and adjacent to wildlife preserves. Photo: captured by wildlife cam on 10/14/21 8:52am. #powdercanyon #environmentalstewardship https://t.co/MKiOz1BAqK",1
The look‚Ä¶ #wildlife #coyote #photography https://t.co/ly3op5n2d2,0
@pom_pom_puri so probably one (1) coyote,0
Ran into a coyote on the morning walk and Winnie forgot she‚Äôs a fucking Pit Bull üòÇ,1
"Kings suck as always but at least we aren‚Äôt the Blackhawks or Coyotes right now, two franchises in utter turmoil. ü§£ü§¶üèª‚Äç‚ôÇÔ∏è",0
@Carrion_Coyote Yeah. Unfulfilled is the word,0
@MrcoLeK @Wiley_Coyote_G lmaoo im bouta bxb you both üíØ‚ù§Ô∏è,0
A coyote is being cared for by the San Diego Humane Society after it was hit by a car and trapped in the front grill on Monday in San Marcos. The animal was rushed to the shelter's Wildlife Center in Ramona.  https://t.co/PnBjP7D2IG,1
@CoyoteRadioCSU Where was that when *I* was a Coyote Radio DJ??,0
@andrewjhumphrey haha - i actually really like that she wanted to bring her animals but the cabin is just not built for that and i'm worried the coyotes will eat her little friends on night 1,0
"@hallmarkchannel @hallmarkmovie for BC, Canada viewers we do get Coyote Creek Christmas tonight @ 8pm and two other times this weekend.  The Christmas Promise we get Nov 6 @ 6pm and one other time.  Check your schedules",0
Check out this new photograph that I uploaded to https://t.co/00rjKMNLC8! https://t.co/Va9JMw5r7J,0
Lotta coyote action on the hill last night! #wildlife #LosAngeles https://t.co/Gew3ZmeMXs,1
GIVE COLDWATER CANYON BACK TO THE COYOTES https://t.co/bEvU5WUMjT,0
This is right up there with Aaron Brooks' backwards pass or Pete Carroll not handing the rock to Marshawn Lynch with the Super Bowl on the line. It's like a Roadrunner and Coyote cartoon come to life. @deanriehm @BDaddyLiberator @MeeorxMox https://t.co/WH5BF2diyI,0
I don‚Äôt think coyotes or dingos are mean. They are small and cute.,1
San Diego Humane Society caring for coyote rescued from car bumper in San Marcos https://t.co/ga5msPQB65,0
Doorbell Camera Catches Cat Named Kevin Boldly Chasing Coyote Away from Owner's Portland Home https://t.co/KaLzENxT1L,1
@Greenfairy001 Did they jump all over you for causing coyote panic since this is their land?  See that bs all over the Nextdoor app.  Sorry sweetie!,0
. @jackieemma91: I‚Äôve had the worst drive Coyote: bet!  *Coyote runs across the highway*,1
"Hmmm, to post or not to post coyote pictures? ü§î",0
"Coyotes and wolves sing sweet hymns, They prowl suburban fringes and sneak into town. Moonlight leads the way through dark trees and down wet streets. Sleepers stir, they dream of white fangs and the smell of wild pines. https://t.co/Q6DRWdAnd3",0
Attention Coyote CCP Elective students! The Achieve 3000 Fall Reading Challenge begins soon. https://t.co/vtCU2hKYEK,0
this but the hall is my area and hello kitty is coyotes https://t.co/49C1GhJMBr,0
"Our greatest teachers are not books, or even old professors like me. Our greatest teachers are the creatures with whom we share this glorious, terrifying, beautiful, and mysterious world. My column - My Coyote Teacher - from the Nov/Dec Unity Magazine.https://t.co/aannHxraLo",0
The rotten egg smell is gone. The coyotes are gone üôèüèΩ,0
"Man rescues wailing calf, @CTVBarrieNews reports. https://t.co/cCCocBPKDP #Hunting #Fishing #Outdoors #Moose #Calf #Rescue #Coyotes",0
Please enjoy The STEAM Pumpkin Challenge Video https://t.co/WGuPAY3DHS @ocdestem https://t.co/YIiX1TCzOZ,0
"@tagaq Saw a group of about five coyotes today walking down the street, definitely hanging out.",1
@AndyCole1984 Sorry just feeding the coyotes.,0
I‚Äôm so sick of 180 year old fuckfaces preaching to me about coyotes!!  Omfg!!! Shuuuut upppppp,0
"What a beautiful weekend at @carlsbadshops.  We work hard, we work safe, and we have fun. Happy Halloween from your friends at the Carlsbad Village Faire!  üì∏ 1Ô∏è‚É£ @claracarlsbad 2Ô∏è‚É£ @coyote_carlsbad 3Ô∏è‚É£ @gonzo.ramen 4Ô∏è‚É£ @thecompasscarlsbad https://t.co/RaDn52lp4V https://t.co/vDo3XS4YsR",0
"@myBurbankNEWS Sounds like same 1 I've been seeing off Alameda &amp; Main, then off Verdugo &amp; Victory. Are we supposed 2 contact Animal Control when we see 1? I've avoided Griffith Park Mineral Wells area since coyote charged at me w/ med size dog a month ago. Luckily car nearby honked 2 scare it.",1
600 Dayz no Sleep  I was Born w Coyote Teeth Nigga,0
"@zachklein @TorranceCA: How about doing beneficial shit like this? But no, you‚Äôd rather cut down our trees and kill our coyotes.",0
"The city of Redlands designated as ‚Äúterminated‚Äù Coyote Aviation‚Äôs 20-year lease five months early on a technicality. The Sept. 5, 2000, contract called for Coyote to express, in writing, its desire to extend its lease. Coyote submitted that request ‚Ä¶ https://t.co/HChOggYiFI",0
@twistedleafs I don't understand how he can go on any platform and tell him what the Blackhawks did isn't as bad as what the Coyotes it Devils did,0
California Valley Coyote parents. Their adolescent son is nearby. #wildlife #coyote #photography #ramirezcanyon https://t.co/foiQU5Q1z9,0
#ORIGINSTORIES: @CoyoteNCrowRPG with @ConnorAlexander https://t.co/2owHCuK67b   #ATribeCalledGeek #Indigenerdity,0
"@Doc_Coyote Oh, I have been there https://t.co/uZOwjl0eqY",0
"Coyotes are members of the biological candidae family, the same as foxes, wolves &amp; dogs. They are generally tawny grey with tails around 40% the length of their body. The average weight of an adult male in the NPS study of these animals is 25.5lbs. #FactFriday. #Facts #wildlife https://t.co/6kJO8F4pAC",0
Quite the night ‚Äî Noah‚Äôs #ADHSHL varsity goaltending debut @greatparkice on Friday was a demonstration of a Capo Coyotes team that refused to quit. #hockey #goalie #capocoyotes https://t.co/0a4uaB8w0B,0
"@100peaks options:  ""I like coyotes, I just don't want them to eat anything.""  ""Everyone I don't recognize is a drug dealer""",0
@LAKings @GEICO I‚Äôm in pain as a kings fan but I remain loyal. I will never stop supporting my kings. Still can‚Äôt wait to cu guys play the coyotes in person on Nov. 21st. #GoKingsGo,0
@highschooharry 1 with the coyotes,0
Be safe out there coyotes üéÉ !  #CoyoteRadio FG https://t.co/6wBvDE8yqs,0
Love walking home when three coyotes are joggin down the street lookin for fun,1
"lived the full LA trifecta yesterday (woken up by an earthquake, discussed the impending rain with customers as if it was a snowstorm, ran away from a coyote at night)",0
How many coyotes do you see? https://t.co/ws2kJybU0u,0
@MikeIsErnie Did they rescue the coyote?,0
@TheFourthPeriod What a joke. Coyotes got hit with loss of picks for a violation less significant then something like this.  Should‚Äôve hit hawks harder with more $$ and loss of picks for maybe a couple of years,0
Notes from the Field: Dr. Michelle Lute on the Latest Science About Coyote Diets and Behavior https://t.co/rJTTnfL72i via @ProjectCoyote,0
"Hey Coyotes! Next week we do not have school on Thursday, November 11th. Please plan accordingly. https://t.co/10i9f7G6Lg",0
"Janel Parrish is one of our favorite #CountdownToChristmas stars, so yes, we're looking forward to this #HallmarkChannel movie! https://t.co/w5gP6O6muU https://t.co/o6b9bwcZYr",0
The whole cartoon characters getting devoured in Pibby gives me flashbacks to my earliest childhood nightmare where Calamity Coyote got clubbed to death by an ogre in a minecart. That nightmare fucked me up pretty bad.,0
@oxojesss @MiguelMvrtinez On god wasn‚Äôt the migra gonna take him for djing for the coyote ?,0
Hey coyotes! Here is our bell schedule for tomorrow (10/29/21) HOMECOMING DAY! Please screen shot this so you know our bell schedule for the day. #bellschedule https://t.co/dSDGUH6IBq,0
Apparently these are the Coyotes goalies. But they also could be made up. https://t.co/OzW7OsW26e,0
@ai6yrham It depends. I have a friend who lives in Sherman Oaks and every time they walk their dog they see coyotes. And I don‚Äôt mean from a distance. This is a heavily developed area and those things are aggressive.,1
North Point HOA: Stop the North Pointe HOA from trapping and killing coyotes. - Sign the Petition! https://t.co/S7NOwdT5AQ via @Change,1
Coyote and bobcat caught on camera https://t.co/FcLZZG6JQX #trending,1
Had a coyote come into the backyard with 3 people and 2 dogs out there! The dogs chased it and it went over the fence into the yard behind ours #coyotesighting #valinda #carefuleveryone,1
Now Playing:  Coyote by Joni Mitchell on https://t.co/NX6Q0NVj7f https://t.co/e30CeEMeN3,0
"@jabbafanclub People on @nextdoor be like ""ah fuck my outdoor cat/small dog is missing üò≠üò≠üò≠ OMG what could've happened pls help"" a pack of coyotes ate it you dumb bastard do you even know where you live RN @bestofnextdoor #nextdoor",1
"‚ùï 15 days ‚ùï  Register today before it‚Äôs too late!   If you are a Fall 2021 Grad, use your MyCoyote Portal. If you are a past Grad, please use the link in your email to register   #CSUSB #Coyote #CSUSBGrad #Commencement https://t.co/Bg7fsaE4aH",0
üïØI‚Äôm manifesting a Coyote Ugly in LAüïØ üïØput me to worküïØ,0
"@JessieKenny8 In SoCal, there‚Äôs a very good chance that a cat left outdoors will be attacked by coyotes.  My 80 lb dog was attacked twice in one month. We keep him inside at night now.",1
Predictions for tomorrow: Kings &gt; Jets Lightning &gt; Coyotes  Flames &gt; Penguins  Hurricanes &gt; Bruins  Blues &gt; Avalanche  Flyers &gt; Canucks  Sabres &gt; Ducks Kraken &gt; Wild  Sharks &gt; Canadiens   Season Record: 47-54,0
"A Phoenix couple caught their cat chasing away a coyote from their home early in the morning and it was all captured on their security camera. ""Lucky, spunky cat.""  https://t.co/8bnfBWc677",1
It‚Äôs gettin‚Äô coyote ugly up in here no tyruhhh,0
"Woke up feeling great! Must be GAMEDAY!!!  Very proud of our FAMILY. Tonight will be a great challenge vs. the MVL champs, but going into our last game with a shot is all anyone can ask for. Blessed for the opportunity. Can‚Äôt wait for 7 PM  Let go Coyotes!!!",0
"@LindseyGrahamSC You are in power that are you doing to stop the drug cartels coyotes and human smugglers, stop Blaming the ones whit no power ; cartel coyotes smugglers are the problem they  have money and power, WHAT ARE YOU DOING TO STOP THEM",0
"The CSUSB 2021 Festival de Calaveras will be hosted by the Robert and Frances Fullerton Museum of Art (RAFFMA) on Saturday, Nov. 6 from 11 am - 4 pm.   Coyote Radio will be in attendance with prizes, giveaways, and playing local bands!   @RAFFMAcsusb @CSUSBALFSS @ALFSSCSUSB https://t.co/HfBc7hYC05",0
"@LettuceLove2 She stalked us one time, but didn‚Äôt get too close. There‚Äôs a large pack of 8 coyotes that continue to bait my dogs into chasing after them. So I switch up my time and go on different trails to avoid the confrontation.",1
@Coyote_Arts He has to give her a good sniff before he started grooming her because last time she‚Äôd rolled in something and he was APPALLED https://t.co/tVIyUO5riP,0
Video: Chihuahua Carried Off by Coyote in Broad Daylight as Owners Scream But Survives Backyard Attack via @WestJournalism https://t.co/t3GsTRg6Vn,0
"@OctopusGilded Nice to see things like that out in the world. I live near a wildlife preserve, but all I ever see are coyotes. They don‚Äôt even have any decent Acme gear.",1
@Chicane_Coyote Oh my gosh that look so good!!! ‚ù§Ô∏è,0
"@teamyasumura I just saw my first coyote since moving here! 10‚Äô away, turning left off Beverly Glen near Mulholland (me, the coyote was not turning, he was driving fast, right on my ass, and when I clocked him in the rear view he def had ‚Äúfuck you‚Äù in his eyes.) OK seriously I saw a coyote.",1
@NedRyerson1957 Consolation prize - it's a distant second! Coyotes are only killing off 36.4% of their PK's lol.,0
@Doc_Coyote Makes sense to me,0
Just to update everyone we got home unscathed and I told Aggie multiple times I would tackle a coyote to protect her,1
"2 am I let the dogs out.   üëáüèΩescapes. Hubby &amp; I spend the wee morning hours driving, walking, screaming, shaking treats on the canyon where we live.  Owl almost hit my car.  Coyotes ran by. As I weep imagining Francis being food, he appears next to my car. Wanting treats. üòë https://t.co/uJgxPOlTxh",1
@ABC7 Cute how the coyote acted playful like a dog &amp; wagged it‚Äôs tail. I‚Äôve never seen a coyote do that.,1
Jumpstart‚Äôs Read for Record Day - Kindergarten enjoyed having Superintendent Martinez as our guest reader! She came wearing her mismatch for our school sprint day! https://t.co/pZR5NCV7mw,0
"Yes, and for coyotes.   These animals are as part of America as anything.   https://t.co/W1lk3ZJjvY",0
"Bonus Mini Halloween Party pix, provided by @fablepaint ! Featuring @JacobDavison_ as Jason, @TheQueenCryptid as her true werewolf self, @KilotheMonster as The Lizard, @Doc_Coyote as a snazzy necromancer, and me as Strange Supreme lolol https://t.co/IP9TzH1ha7",0
"@Amy1112Yuzu We get wild animals go into trash cans when people have trash out a day before the collection day‚Ä¶bears, ü¶ù, coyotes‚Ä¶.",1
Badass cat.  Cat Chases Coyote Away From Family Home in Daring Video https://t.co/145OSh9jHW via @Yahoo,1
@DUNE_COYOTE God blfc was lit with you Dune! Ty for having me in ur room and I had a blast!!!!,0
@ActiveNorCal best friends?? obviously that coyote is so whipped by that badger.. üòÇ,0
Love to hear a pack of coyotes go absolutely buck wild like 2 minutes before we were gonna take the dog for a walk.,1
@johnlevenstein If we hadn‚Äôt defunded police there wouldn‚Äôt be so many coyotes!!!!!!!,0
Predictions for today: Kings &gt; Blues  Lightning &gt; Sabres  Capitals &gt; Senators Panthers &gt; Coyotes  Rangers &gt; Flames Hurricanes &gt; Maple Leafs Blue Jackets &gt; Stars   Season Record: 36-46,0
